,degree,degree_norm
Bill Shorten,4,0.36363636363636365
Tanya Plibersek,4,0.36363636363636365
Terri Butler,4,0.36363636363636365
Adam Bandt,4,0.36363636363636365
Gai Brodtmann,4,0.36363636363636365
Dennis Jensen,2,0.18181818181818182
Warren Entsch,2,0.18181818181818182
Laurie Ferguson,2,0.18181818181818182
Sharon Claydon,1,0.09090909090909091
Craig Kelly,1,0.09090909090909091
Graham Perrett,0,0.0
Tim Watts,0,0.0
