,degree,degree_norm
Sharon Claydon,4,0.3333333333333333
Terri Butler,4,0.3333333333333333
Andrew Wilkie,4,0.3333333333333333
Adam Bandt,4,0.3333333333333333
Andrew Giles,4,0.3333333333333333
Bill Shorten,2,0.16666666666666666
Tanya Plibersek,2,0.16666666666666666
Teresa Gambaro,2,0.16666666666666666
Philip Ruddock,1,0.08333333333333333
Andrew Nikolic,1,0.08333333333333333
Cathy McGowan,0,0.0
Craig Kelly,0,0.0
Gai Brodtmann,0,0.0
